{
  "id": "",
  "name": "",
  "font_family": "iconfont",
  "css_prefix_text": "icon-",
  "description": "",
  "glyphs": [
    {
      "icon_id": "383602",
      "name": "放大镜",
      "font_class": "fangdajing",
      "unicode": "e60b",
      "unicode_decimal": 58891
    },
    {
      "icon_id": "661805",
      "name": "15天",
      "font_class": "15tian",
      "unicode": "e636",
      "unicode_decimal": 58934
    },
    {
      "icon_id": "1009360",
      "name": "个护美妆",
      "font_class": "gehumeizhuang",
      "unicode": "e665",
      "unicode_decimal": 58981
    },
    {
      "icon_id": "1069532",
      "name": "休闲食品",
      "font_class": "xiuxianshipin",
      "unicode": "e61d",
      "unicode_decimal": 58909
    },
    {
      "icon_id": "1507100",
      "name": "上市服务",
      "font_class": "shangshifuwu",
      "unicode": "e60d",
      "unicode_decimal": 58893
    },
    {
      "icon_id": "1837907",
      "name": "1.3品牌馆",
      "font_class": "pinpaiguan",
      "unicode": "e623",
      "unicode_decimal": 58915
    },
    {
      "icon_id": "2364624",
      "name": "家电数码",
      "font_class": "jiadianshuma",
      "unicode": "e678",
      "unicode_decimal": 59000
    },
    {
      "icon_id": "2696248",
      "name": "hot",
      "font_class": "hot",
      "unicode": "e637",
      "unicode_decimal": 58935
    },
    {
      "icon_id": "2873764",
      "name": "tv",
      "font_class": "tv-copy",
      "unicode": "e506",
      "unicode_decimal": 58630
    },
    {
      "icon_id": "3118453",
      "name": "居家布艺",
      "font_class": "jujiabuyi",
      "unicode": "e643",
      "unicode_decimal": 58947
    },
    {
      "icon_id": "3212583",
      "name": "分类",
      "font_class": "tubiao-qiantai-",
      "unicode": "e641",
      "unicode_decimal": 58945
    },
    {
      "icon_id": "5469528",
      "name": "正品",
      "font_class": "zhengpin",
      "unicode": "e604",
      "unicode_decimal": 58884
    },
    {
      "icon_id": "5469529",
      "name": "包邮",
      "font_class": "baoyou",
      "unicode": "e605",
      "unicode_decimal": 58885
    },
    {
      "icon_id": "5912741",
      "name": "购物车",
      "font_class": "gouwuche",
      "unicode": "e614",
      "unicode_decimal": 58900
    },
    {
      "icon_id": "6607331",
      "name": "gengxin",
      "font_class": "gengxin",
      "unicode": "e63c",
      "unicode_decimal": 58940
    },
    {
      "icon_id": "7385420",
      "name": "24小时服务 ",
      "font_class": "ziyuan",
      "unicode": "e64e",
      "unicode_decimal": 58958
    },
    {
      "icon_id": "7814958",
      "name": "灯具",
      "font_class": "zu",
      "unicode": "e60a",
      "unicode_decimal": 58890
    },
    {
      "icon_id": "8398966",
      "name": "服务",
      "font_class": "fuwu",
      "unicode": "e6d9",
      "unicode_decimal": 59097
    },
    {
      "icon_id": "8584227",
      "name": "服装配饰",
      "font_class": "fuzhuangpeishi",
      "unicode": "e66a",
      "unicode_decimal": 58986
    },
    {
      "icon_id": "10392151",
      "name": "大于号",
      "font_class": "xiaoyuhao",
      "unicode": "e509",
      "unicode_decimal": 58633
    }
  ]
}
